"Data Source","World Development Indicators",

"Last Updated Date","2025-10-07",

"Country Name","Country Code","Indicator Name","Indicator Code","1960","1961","1962","1963","1964","1965","1966","1967","1968","1969","1970","1971","1972","1973","1974","1975","1976","1977","1978","1979","1980","1981","1982","1983","1984","1985","1986","1987","1988","1989","1990","1991","1992","1993","1994","1995","1996","1997","1998","1999","2000","2001","2002","2003","2004","2005","2006","2007","2008","2009","2010","2011","2012","2013","2014","2015","2016","2017","2018","2019","2020","2021","2022","2023","2024",
"Aruba","ABW","Children out of school, primary","SE.PRM.UNER","","","","","","","","","","","","","","","","","","","","","","","","","","","","","","","","","","","","","","","","","","7","25","90","14","0","32","7","51","69","","","","","24","","","","","","","","","","",
"Africa Eastern and Southern","AFE","Children out of school, primary","SE.PRM.UNER","","","","","","","","","","","","","","","","","","","","","","","","","","","","","","","","","","","","","","","","","","","","","","","","","","","","","","","","","","","","","","","","","",
"Afghanistan","AFG","Children out of school, primary","SE.PRM.UNER","","","","","","","","","","","","","","","1396253","","","","","","","","","","","","","","","","","","","1593009","","","","","","","","","","","","","","","","","","","","","","","","","","","","","","","",
"Africa Western and Central","AFW","Children out of school, primary","SE.PRM.UNER","","","","","","","","","","","","","","","","","","","","","","","","","","","","","","","","","","","","","","","","","","","","","","","","","","","","","","","","","","","","","","","","","",
"Angola","AGO","Children out of school, primary","SE.PRM.UNER","","","","","","","","","","","","","","","","","","","","","","","446761","495672","","","","","","","","","","","","","","","900507","","","","","","","","","","388327","446219","443738","483740","","","","","","","","","","","","2281912","",
"Albania","ALB","Children out of school, primary","SE.PRM.UNER","","","","","","","","","","","","","","","","","","","","","","","","","","","","","","","","","","","","","","","","","","","","3146","8228","","","","13381","13173","13995","9558","5736","6190","709.858095090458","313.291631895176","197.981807083153","1139.42454873645","2234.39143182928","3575.11058564624","10359","10881","13560","17039","617",
"Andorra","AND","Children out of school, primary","SE.PRM.UNER","","","","","","","","","","","","","","","","","","","","","","","","","","","","","","","","","","","","","","","","","","","","","","","","","","","","","","","437","409","312","301","287","315","389","328","306","8","102",
"Arab World","ARB","Children out of school, primary","SE.PRM.UNER","","","","","","","","","","","","","","","","","","","","","","","","","","","","","","","","","","","","","","","","","","","","","","","","","","","","","","","","","","","","","","","","","",
"United Arab Emirates","ARE","Children out of school, primary","SE.PRM.UNER","","","","","","","","","","","","","","","","","","","","","","","","","","","","","","","","","","","","","","","","","","","","2350","3032","7370","20735","","","","","","","","","","","","5556","1281","592","1433","17","919","21.0062020202167",
"Argentina","ARG","Children out of school, primary","SE.PRM.UNER","","","","","","","","","","","173980","","","","93675","107895","","","","","","","","","","","","107691","","","","193529","","","","","","0","30193","35109","22781","24889","24713","21610","5289","11996","18596","23454","20253","19173","7168.24024923937","396.192682474852","872.936431155074","2904.86039361963","8451.04147026222","13403.1371392692","21993.9495701482","25167.8610572377","27973.4149320582","27220.1954043414","36812.945483366","35402.3099960778","33513.4907968501","32815.761457759","",
"Armenia","ARM","Children out of school, primary","SE.PRM.UNER","","","","","","","","","","","","","","","","","","","","","","","","","","","","","","","","","","","","","","","","","","","13007","10296","","8443","5073","1981","","","","6927","7661","8711","12456","10910","11834","11671","12469","14058","14802","11846","8614","5589","1710.18517620533",
"American Samoa","ASM","Children out of school, primary","SE.PRM.UNER","","","","","","","","","","","","","","","","","","","","","","","","","","","","","","","","","","","","","","","","","","","","","","","","","","","","","","","","","","","","","","","","","",
"Antigua and Barbuda","ATG","Children out of school, primary","SE.PRM.UNER","","","","","","","","","","","","","","","","","","","","","","","","","","","","","","","","","","","","","","","","","","","","","","","","36","24","139","308","125","42","263","27","86.8484976724503","108.842975206611","124","81.9212221991274","20.7606202209008","","","","132.91146190803","",
"Australia","AUS","Children out of school, primary","SE.PRM.UNER","","","","","","","","","","","","","","","","","","","","","","","","","","","","","","","","","","","","","","","","","88304","8978","6248","26000","20966","10716","9023","4896","5589","5766","6179","52484","45429","971","1480","592","168","1273","4291","4836","13192","8348","6721","4719","",
"Austria","AUT","Children out of school, primary","SE.PRM.UNER","","","","","","","","","","","","","","","","","","","","","","","","","","","","","","","","","","","","","","","","","7723","6615","7188","7430","5516","5680","6800","5215","4625","4638","4232","6683","6279","4807","4200","4351","6546","4410","4209","4146","3979","3232","5781","5345","",
"Azerbaijan","AZE","Children out of school, primary","SE.PRM.UNER","","","","","","","","","","","","","","","","","","","","","","","","","","","","","","","","","","","","","","","","","61173","79138","79899","88738","78125","77428","73286","71283","70361","61748","65503","53310","39439","8544","3637.8237314737","5979.83868864161","4338.63765144208","11966","24804","55687","54317","52916","26995","9457","152",
"Burundi","BDI","Children out of school, primary","SE.PRM.UNER","","","","","","","","","","","","","","472319","","","","","558347","","579838","582259","571807","544953","525513","507498","501289","482180","478710","","","","","579607","","","","","","","686242","591898","573867","540258","528301","486110","271932","180610","89767","123436","79876.9949951172","75399.9995117188","97388.0006103516","190332.012817383","150485.997680664","197870.032470703","237711.015869141","334526.019775391","408625.997802734","460784.002929688","467021.987304688","","","","",
"Belgium","BEL","Children out of school, primary","SE.PRM.UNER","","","","","","","","","","","","","","","","","","","","","","","","","","","","","","","","","","","","","","","","","7831","870","654","873","4279","3938","5449","6624","7844","8792","9272","15271","13766","13387","13738","14170","14994","10963","10723","10858","9921","11848","9771","13226","",
"Benin","BEN","Children out of school, primary","SE.PRM.UNER","","","","","","","","","","","","","","","","","","","","","","","","","383716","389134","416763","","453666","468687","564677","","524209","503897","509735","498878","490438","467298","","","","","","277823","244443","304245","275461","","228603","146181","125380","113072","68882","66445","62073","","57156","137769","198477","294370","314551","261877","213285","","",
"Burkina Faso","BFA","Children out of school, primary","SE.PRM.UNER","","","","","","","","","","","","756818","773080","","","","","859822","877023","894304","909597","924938","936560","952904","969809","981512","997332","1018021","1053081","1090783","","1155723","1187241","1210720","1228796","1238279","","","1276324","1293085","1294621","1299670","1346670","1327834","1313496","1239744","1191410","1101634","989914","946050","1099622","1009021","1017434","1027328","1035678","1033081","895083","896835","856576","929223","1053836","1098540","1244709","1647302","1363187",
"Bangladesh","BGD","Children out of school, primary","SE.PRM.UNER","","","","","","","","","","","5060947","","","3262975","","","2917842","3610122","3960790","","","5212587","","5738082","5964606","6257419","6449855","6673539","5326152","5462667","5156730","","","","","","","","","","","","","","","1148544","1289922","","2317428","2309199","2278044","","","","","","","536211","543149","","","","1159988.45239901","1085125.81172616","918575.099977436",
"Bulgaria","BGR","Children out of school, primary","SE.PRM.UNER","","","","","","","","","","","","","","","","","","","","","","","","","","","","","","","","","","","","","","","","","4458","5572","1172","1123","1122","309","412","179","168","2682","2171","3740","6304","9500","8486","7892","8978","9580","10952","11136","10835","12534","12899","13937","",
"Bahrain","BHR","Children out of school, primary","SE.PRM.UNER","","","","","","","","","","","","12376","12603","13003","12395","10250","9979","8764","8960","8907","9356","11599","13623","12922","11302","8797","5883","5746","3995","4045","","6871","11194","11183","11080","9683","8804","8166","5306","3758","5570","5841","7495","9195","8842","8722","3887","","","","","6201","490","386.1859400822","537.353238476062","1703","1882","2060","3301","3582","","","3838","8399","5993",
"Bahamas, The","BHS","Children out of school, primary","SE.PRM.UNER","","","","","","","","","","","","","0","1732","2061","2269","2534","2401","","","1773","298","","","1087","","","","","","","","53","172","0","","","","","5262","","","","","4698","3198","3520","2155","1683","2414","2339","380.259740259739","1063","","","","","","","","","","","8599","4585",
"Bosnia and Herzegovina","BIH","Children out of school, primary","SE.PRM.UNER","","","","","","","","","","","","","","","","","","","","","","","","","","","","","","","","","","","","","","","","","","","","","","","","","","21750","20719","19769","21575","20272","17435","13611","8183","3236","1125","","2798","2263","2119","2933","",
"Belarus","BLR","Children out of school, primary","SE.PRM.UNER","","","","","","","","","","","","","","","","","","","","","","","","","","","","","","","","","","","","93543","","","","","","0","2795","1806","7319","6526","5123","4066","1838","2565","2196","2100","2240","1898","5759","8570","8892","11766","15398","20343","23041","23529","25137","25871","20600",
"Belize","BLZ","Children out of school, primary","SE.PRM.UNER","","","","","","","","","","","","","","","","","","","","","","","","","","","","","","","","","","","","","","","","920","944","933","","586","588","138","250","365","450","671","711","708","241.229526462397","24.9876271186367","229.574550999663","178.81434279705","233.827027027029","115.180005070571","194.878906250007","419.476807189109","254.065294535132","1800","3636","5322","4953",
"Bermuda","BMU","Children out of school, primary","SE.PRM.UNER","","","","","","","","","","","","","","","","","","","983","1032","","","","","267","215","","","","","","","","","","","","","","","","","","","","216","","","","","","161","142","","","","","","","","","","","","",
"Bolivia","BOL","Children out of school, primary","SE.PRM.UNER","","","","","","","","","","","","","","","","","","","","","","","","","","","","","","","","","","","","","","","","","1029","3130","3118","5282","8518","7184","6965","6470","3622","19605","58350","93279","135589","147734","155614","155958","145719","125129","101618","84476","71200","58725","47675","58597","",
"Brazil","BRA","Children out of school, primary","SE.PRM.UNER","","","","","","","","","","","","","","","","","","","","","","","","","","","","","","","","","","","","","","","","","","","","","","","","","","","","","896214","602121","600337","658887","630849","619485","709047","612570","658477","768293","585579","","",
"Barbados","BRB","Children out of school, primary","SE.PRM.UNER","","","","","","","","","","","","4537","4161","4675","","","3964","2717","1530","965","","458","139","611","","","","","","487","1119","","2438","","","","","","","156","102","123","231","219","134","579","417","447","439","774","402","452","","","1163","1022","857","1471","1379","1333","1562","1864","2385","2832","3420",
"Brunei Darussalam","BRN","Children out of school, primary","SE.PRM.UNER","","","","","","","","","","","","","","","","","","2218","1696","3986","3743","4666","5143","4563","4222","","3438","","","","","1951","2047","1488","1862","1248","","","","","","","","","","","","","","","","1239.10797442957","638.279053420803","866.047337837197","479.078734793184","295.285121280322","627.134494632373","597.517495205015","615.161159811192","573.709801409357","422.650408620058","700.859676659871","371.363528071262","232.895606966471","",
"Bhutan","BTN","Children out of school, primary","SE.PRM.UNER","","","","","","","","","","","","","","","","","","","48268","48452","","","","","","","","","","","","","","","","","","","46719","46441","44897","42948","","","","30881","24984","","17016","11692","9292","8703","7446","8923","","10446","10929","11055","8759","","4954","14141.9995498657","8652.99938201906","9804.99941253662","8385.0001449585",
"Botswana","BWA","Children out of school, primary","SE.PRM.UNER","","","","","","","","","","","60464","64402","64277","64196","60250","52056","46806","41511","41453","41613","36304","26575","","21601","22140","18887","19131","20639","22311","22288","25308","20567","24651","28544","30814","59416","58565","","50241","52141","48940","43745","42120","39508","34508","31241","27263","30155","32202","32910","","","28382","34679","39617","","","","","","","","1868.90972901735","","",
"Central African Republic","CAF","Children out of school, primary","SE.PRM.UNER","","","","","","","","","","","","192427","189982","188604","","","","221137","221599","","","194776","180276","166199","","","145706","190675","206539","215261","188652","222870","","","","","","","","","","","","","","415049","422895","378045","321940","325989","298341","322446","306334","","","","","","","","","","","","",
"Canada","CAN","Children out of school, primary","SE.PRM.UNER","","","","","","","","","","","","","","","","","","","","","","","","","","","","","","","","","","","","","","","","","14517","","","","","","","","","","","","11171","13615","10728","6768","34118","32791","32648","69676","77439","119579","132402","129221","",
"Central Europe and the Baltics","CEB","Children out of school, primary","SE.PRM.UNER","","","","","","","","","","","","","","","","","","","","","","","","","","","","","","","","","","","","","","","","","","","","","","","","","","","","","","","","","","","","","","","","","",
"Switzerland","CHE","Children out of school, primary","SE.PRM.UNER","","","","","","","","","","","","","","","","","","","","","","","","","","","","","","","","","","","","","","","","","3123","3388","924","1196","692","","","","","1850","1684","4576","6515","212","59","157","425","629","661","542","713","1236","1399","252","",
"Channel Islands","CHI","Children out of school, primary","SE.PRM.UNER","","","","","","","","","","","","","","","","","","","","","","","","","","","","","","","","","","","","","","","","","","","","","","","","","","","","","","","","","","","","","","","","","",
"Chile","CHL","Children out of school, primary","SE.PRM.UNER","","","","","","","","","","","","","","","","","","","","","","","","","","","","","","","","","","","","","","","","","","","","","","","","52834","50176","73359","49864","52825","49382","48376","42632","39559","36474","34398","28869","24658","35186","33577","19938","20233","",
"China","CHN","Children out of school, primary","SE.PRM.UNER","","","","","","","","","","","","","","","","","","","","","","","","","","","","3839648","2749983","4528093","7874579","8654800","9984301","10619108","11118529","10102953","9464568","8248401","","","","","","","","","","","","","","","","","","","","","","","","","","","",
"Cote d'Ivoire","CIV","Children out of school, primary","SE.PRM.UNER","","","","","","","","","","","","","","","","","","630994","","","","","","","","","","","","","","1214801","1262190","","","","1377153","1404733","","1462823","1525605","1456005","1485974","1649807","","","","","","1923994","","","","1281399","1121305","1076358","829318","872859","754999","733513","693368","817120","864826","664020","650800",
"Cameroon","CMR","Children out of school, primary","SE.PRM.UNER","","","","","","","","","","","","357607","373970","399915","434572","375354","377641","410744","411845","417655","432491","","","","","","","","451789","","490692","538421","","","","","","","","","","","","","","","","","376363","303800","","278416","195511","","185722.388091486","177176.065946703","165692.930549893","226734","","307267","","189768.751247587","172874.342483324","167116.156239397","173924",
"Congo, Dem. Rep.","COD","Children out of school, primary","SE.PRM.UNER","","","","","","","","","","","","975728","1073449","","","1125964","","","","1177697","","","","1211240","1212164","","","","2029461","","","2488153","2677146","2833555","2857817","2463574","","","","5230149","","","","","","","","","","","","","","","","","","","","","","","","","",
"Congo, Rep.","COG","Children out of school, primary","SE.PRM.UNER","","","","","","","","","","","","","54967","","43509","","40482","","31263","29385","51365","52742","48917","45312","39308","","","","","","","","","","","","","","","","","","","","","282292","266400","","","","89656","","81086","","","","","","190282","","","","","171125","",
"Colombia","COL","Children out of school, primary","SE.PRM.UNER","","","","","","","","","","","","","","","","","","","","","","","","","","","","","","","","","","","","","","","","","0","0","0","","17770","13941","7351","3588","8397","9434","11031","4332","68249","","","131741","201303","156491","180919","195829","239318","274954","289295","","",
"Comoros","COM","Children out of school, primary","SE.PRM.UNER","","","","","","","","","","","","","","","","","","","","","","","","15470","","","18524","23732","","","","","","","31806","","","","","45952","39337","","","","","","","28374","","","","","","5255","6657","","","10145","13856","","","30906","","","21743",
"Cabo Verde","CPV","Children out of school, primary","SE.PRM.UNER","","","","","","","","","","","","","","","","","","","","","","11576","13248","15419","12580","11369","10794","10146","7451","","6127","","","","4661","","","","2401","","2723","3561","3194","3065","4147","3812","3796","4893","5400","5602","5472","5048","3617","3349","3140","2968","3160","3048","2208","2244","3159","2832","24851","","",
"Costa Rica","CRI","Children out of school, primary","SE.PRM.UNER","","","","","","","","","","","","","","","","","","","","","","","","","","","","","","","","","","","","","","","","","","","","","","","","","","","","14145","21598","30022","41750","38932","35333","45307","30015","21561","24121","27816","27179","21131","",
"Caribbean small states","CSS","Children out of school, primary","SE.PRM.UNER","","","","","","","","","","","","","","","","","","","","","","","","","","","","","","","","","","","","","","","","","","","","","","","","","","","","","","","","","","","","","","","","","",
"Cuba","CUB","Children out of school, primary","SE.PRM.UNER","","","","","","","","","","","","","78078","40265","29595","","","","","47171","44902","57754","45803","24959","30719","46821","46818","35476","31941","37668","44038","44592","34469","40865","36432","38655","13326","7530","5495","4156","2225","681","1696","3812","5764","6869","10698","5172","13504","10051","13213","19511","15947","5430.77603236982","15284","17427","16213","17412","16019","13833","9828","9490","25107","24569","33328",
"Curacao","CUW","Children out of school, primary","SE.PRM.UNER","","","","","","","","","","","","","","","","","","","","","","","","","","","","","","","","","","","","","","","","","","","","","","","","","","","","","","","","","","","","","47.3029223093381","","","366","",
"Cayman Islands","CYM","Children out of school, primary","SE.PRM.UNER","","","","","","","","","","","","","","","","","","","","","","","","","","","","","","","","","","","","","","","","181","45","63","39","","128","333","185","26","163","","","70","58.2797927461138","88","","","","","274","275","179","250","120","6.02543859649086","234",
"Cyprus","CYP","Children out of school, primary","SE.PRM.UNER","","","","","","","","","","","","","","","","","","","","","","","","","","","","","","","","","","","","","","","","","1276","1347","724","664","837","605","189","276","17","68","19","82","710","973","1217","758","961","754","329","295","241","39","496","376","",
"Czechia","CZE","Children out of school, primary","SE.PRM.UNER","","","","","","","","","","","","","","","","","","","","","","","","","","","","","","","","","","","","","","","","","","","","","","","","138","2616","2532","4723","6376","2120","4853","8735","11683","14425","17219","12319","10921","8739","538","471","4700","",
"Germany","DEU","Children out of school, primary","SE.PRM.UNER","","","","","","","","","","","","","","","","","","","","","","","","","","","","","","","","","","","","","","","","","3111","16186","73176","67843","63242","55095","61404","51117","46745","48033","31781","17059","25123","25436","34341","24047","49857","31356","25345","27953","35069","43851","58820","6559","",
"Djibouti","DJI","Children out of school, primary","SE.PRM.UNER","","","","","","","","","","","","","","","","","","","","","","","","","","","","","","","","","","","","","","","","","","","","","","","","","","","","","","","","","","","","","","","","","",
"Dominica","DMA","Children out of school, primary","SE.PRM.UNER","","","","","","","","","","","","","","","","1289","1452","989","","1696","1935","2235","1680","","","","","","","","","","","","","","","","","","304","104","","72","111","83","175","649","697","229","","123","140","245","213","131","288","","","439","235","296.12676056338","199","230","",
"Denmark","DNK","Children out of school, primary","SE.PRM.UNER","","","","","","","","","","","","","","","","","","","","","","","","","","","","","","","","","","","","","","","","","1242","1032","5","","10310","8237","4431","2109","2486","1998","2451","2258","1924","2296","2850","2904","3160","2634","1772","1854","1599","2078","2548","3707","",
"Dominican Republic","DOM","Children out of school, primary","SE.PRM.UNER","","","","","","","","","","","","","","","","","","","","","","","","","","","","","","","","","","","","","","","","","149555","","69439","109906","172621","157848","170992","98421","141536","48386","54351","52377","64875","67450","87419","46019","44113","55293","64074","44717","43152","117704","69116","57004","56334",
"Algeria","DZA","Children out of school, primary","SE.PRM.UNER","","","","","","","","","","","","","","803939","670735","573640","593729","682913","677818","696716","680219","689897","713095","719373","650811","608684","545668","485834","443049","430641","459510","437036","430810","494327","502055","483683","489233","490519","","299322","234331","121093","48953","32507","35228","19989","33290","60232","43899","31857","31549.7612131312","24696.3216966549","20411.0809684433","15281.5328523461","16233.3536134656","14719.7615875974","17785.1130784084","16519","30198","82685","11103.7051376756","40716","101754","45583.9084418016","78644.9051767001",
"East Asia & Pacific (excluding high income)","EAP","Children out of school, primary","SE.PRM.UNER","","","","","","","","","","","","","","","","","","","","","","","","","","","","","","","","","","","","","","","","","","","","","","","","","","","","","","","","","","","","","","","","","",
"Early-demographic dividend","EAR","Children out of school, primary","SE.PRM.UNER","","","","","","","","","","","","","","","","","","","","","","","","","","","","","","","","","","","","","","","","","","","","","","","","","","","","","","","","","","","","","","","","","",
"East Asia & Pacific","EAS","Children out of school, primary","SE.PRM.UNER","","","","","","","","","","","","","","","","","","","","","","","","","","","","","","","","","","","","","","","","","","","","","","","","","","","","","","","","","","","","","","","","","",
"Europe & Central Asia (excluding high income)","ECA","Children out of school, primary","SE.PRM.UNER","","","","","","","","","","","","","","","","","","","","","","","","","","","","","","","","","","","","","","","","","","","","","","","","","","","","","","","","","","","","","","","","","",
"Europe & Central Asia","ECS","Children out of school, primary","SE.PRM.UNER","","","","","","","","","","","","","","","","","","","","","","","","","","","","","","","","","","","","","","","","","","","","","","","","","","","","","","","","","","","","","","","","","",
"Ecuador","ECU","Children out of school, primary","SE.PRM.UNER","","","","","","","","","","","","","","","","","","","","","","","","","","","","","","","","","","","","","","","","","115003","93799","69975","63934","","72239","47651","21478","49599","11611","10018.3676062364","13877.292071112","36767","38893","22428.9446552154","52055","53489","48352","29291.4007133422","31579.5045760567","26047.6094680119","30796","31042.2150966022","86090","",
"Egypt, Arab Rep.","EGY","Children out of school, primary","SE.PRM.UNER","","","","","","","","","","","","1909241","1918481","1953530","","","","","2074150","","","","","","","","","","","","","","","","1470868","","","1293100","","1495947","1389899","1367227","1319305","1257037","1216364","1491920","1832381","1453362","","1563974","1515016","1785983","1562668","","1729686","","1463110","1397438","1105631","858723","652231","480084","","691113","559709",
"Euro area","EMU","Children out of school, primary","SE.PRM.UNER","","","","","","","","","","","","","","","","","","","","","","","","","","","","","","","","","","","","","","","","","","","","","","","","","","","","","","","","","","","","","","","","","",
"Eritrea","ERI","Children out of school, primary","SE.PRM.UNER","","","","","","","","","","","","","","","","","","","","","","","","","","","","","","","","","140590","","135683","138039","141712","149094","","134545","113518","108463","91662","75589","79302","82699","97047","124998","145353","155865","164398","146823","135048","142911","143706","150613","","174338","174802","","","","179166","","",
"Spain","ESP","Children out of school, primary","SE.PRM.UNER","","","","","","","","","","","","","","","","","","","","","","","","","","","","","","","","","","","","","","","","","516","576","1002","2051","1772","3433","4285","2320","14385","23183","48223","53950","64111","75200","82113","89453","87042","80898","72907","60574","53226","52881","50265","35806","",
"Estonia","EST","Children out of school, primary","SE.PRM.UNER","","","","","","","","","","","","","","","","","","","","","","","","","","","","","","","","","","","","","","","","","1139","","","","","","","","","","","","","","1933","2035","2091","2124","2142","2067","2023","1912","1613","2264","",
"Ethiopia","ETH","Children out of school, primary","SE.PRM.UNER","","","","","","","","","","","","","","","","","","","","","","","","","","","","4766699","4914235","5175352","","","","","6770508","6827941","6779117","","6834710","6957428","6889976","6748871","6808734","6989066","6878852","5692176","5178691","4532136","3795720","3937627","4340588","4568557","3833835","","3233009","3480628","","1827631","","","","4684443","4519772","4423953","4236782",
"European Union","EUU","Children out of school, primary","SE.PRM.UNER","","","","","","","","","","","","","","","","","","","","","","","","","","","","","","","","","","","","","","","","","","","","","","","","","","","","","","","","","","","","","","","","","",
"Fragile and conflict affected situations","FCS","Children out of school, primary","SE.PRM.UNER","","","","","","","","","","","","","","","","","","","","","","","","","","","","","","","","","","","","","","","","","","","","","","","","","","","","","","","","","","","","","","","","","",
"Finland","FIN","Children out of school, primary","SE.PRM.UNER","","","","","","","","","","","","","","","","","","","","","","","","","","","","","","","","","","","","","","","","","3116","4435","4377","4041","3875","3868","4360","4274","4022","4355","4211","3911","4396","4679","4720","5717","5890","6695","6738","8304","7070","5088","7353","5714","",
"Fiji","FJI","Children out of school, primary","SE.PRM.UNER","","","","","","","","","","","","","","","","","","","","","","","","","","","","","","","","","10619","","9764","11688","13445","11916","10204","9474","7274","5297","5814","9464","6142","","9946","12075","13056","12974","","11871","10673","12128","8773","5600","2191.84970264911","3178.45112517581","2645.16478414524","","2945","","","","2470.57286587023",
"France","FRA","Children out of school, primary","SE.PRM.UNER","","","","","","","","","","","","","","","","","","","","","","","","","","","","","","","","","","","","","","","","","137264","138945","140553","149151","148892","3243","1136","5208","20115","36009","51322","9824","14993","23622","56322","21490","7005","2457","618","4882","768","2925","1773","4470","",
"Faroe Islands","FRO","Children out of school, primary","SE.PRM.UNER","","","","","","","","","","","","","","","","","","","","","","","","","","","","","","","","","","","","","","","","","","","","","","","","","","","","","","","","","","","","","","","","","",
"Micronesia, Fed. Sts.","FSM","Children out of school, primary","SE.PRM.UNER","","","","","","","","","","","","","","","","","","","","","","","","","","","","","","","","","","","","","","","","","","","","","","","","","","","","","","","1910","2591","1702.99965286255","1891.9999961853","898.999948501587","1580.99998092651","2792.0000743866","2787.00026893616","2905.00015640259","3445.99990844727","3301.00022315979",
"Gabon","GAB","Children out of school, primary","SE.PRM.UNER","","","","","","","","","","","","","","","","4716","","","","","","","","","","","","733","","","","","","","","","","27337","","","","","","","","","","","","","","","","","","","","","","77438","","","","","",
"United Kingdom","GBR","Children out of school, primary","SE.PRM.UNER","","","","","","","","","","","","","","","","","","","","","","","","","","","","","","","","","","","","","","","","","2384","2187","1174","1886","25966","3486","44924","101041","16368","31427","23362","46270","82143","84600","75762","67483","60476","38169","16273","2397","1084","1797","4189","4370","",
"Georgia","GEO","Children out of school, primary","SE.PRM.UNER","","","","","","","","","","","","","","","","","","","","","","","","","","","","","","","","","","","","61738","54134","41939","","","","","","","","","3795","","8977","8052","","5854.82789751413","7461.75182512522","7536.359589995","7689.17448372784","6217.94428395943","6539.34023710137","5946.60677390744","5650.25317536428","5055.26578947366","3839.25253792829","2749","10243","16447","21241",
"Ghana","GHA","Children out of school, primary","SE.PRM.UNER","","","","","","","","","","","","","","","","","","","","","","","","","","","","","","","","","","","","","","","","1342904","1104536","1282007","1157276","1166795","","988778","920149","758718","593776","624637","","438203.997070312","529329.059082031","","392763.933105469","","10368.0429729056","299178.046875","364440.028320312","251230.993164062","492043.016601562","472753","","","",
"Gibraltar","GIB","Children out of school, primary","SE.PRM.UNER","","","","","","","","","","","","","","","","","","","934","955","","935","838","","","","","","","","","","","","","","","","","","","","","","","","","","","","","","","","","","","","","","","","","61.9964028776976","42.767923133777",
"Guinea","GIN","Children out of school, primary","SE.PRM.UNER","","","","","","","","","","","","","","","","","","","","","","","","","627392","618382","649826","680847","687678","703893","727554","742398","","","","","","","746850","744047","732720","714878","635985","608452","583077","571281","551009","529351","551100","529827","477839","404485","418340","393044","335168","","391968","","","","308947","","","","",
"Gambia, The","GMB","Children out of school, primary","SE.PRM.UNER","","","","","","","","","","","","65491","67697","68778","70388","71704","72848","69398","67233","66144","64622","59814","58886","58455","59556","59246","61963","","","","88826","","106581","106925","","","106814","","111495","95702","105588","109049","117158","112164","113056","119773","109440","105260","116974","","114306","120244","113659","114700","110650","103478","100578","94289","90549","79864","74797","79262","80033","81428","82678",
"Guinea-Bissau","GNB","Children out of school, primary","SE.PRM.UNER","","","","","","","","","","","","","","","","","","","","","","81764","74078","","80913","82013","","93226","95033","","","","","","","","","","","","100866","","","","","","","","","","75097","","","","","","","","","","","","","","",
"Equatorial Guinea","GNQ","Children out of school, primary","SE.PRM.UNER","","","","","","","","","","","","","","","","","","","","","","","","","","","","","","","","","","","29722","","","","","","43364","42477","47194","50901","","","","","88836","92471","96571","99881","104329","","","128846","","","","","","","","","",
"Greece","GRC","Children out of school, primary","SE.PRM.UNER","","","","","","","","","","","","","","","","","","","","","","","","","","","","","","","","","","","","","","","","","","1258","42270","28045","15816","14379","18417","15171","","","9572","10127","12388","14515","18430","14054","9269","12943","19606","20810","23966","24137","13","622","",
"Grenada","GRD","Children out of school, primary","SE.PRM.UNER","","","","","","","","","","","","","1905","","","","","2920","2614","2181","2098","2289","2492","2083","1269","","","","","","","","","","","","","","","188","","","382","","318","954","","260","207","","","","","","541","","496","","14.8863057324834","","","339","","","534.642772007492",
"Greenland","GRL","Children out of school, primary","SE.PRM.UNER","","","","","","","","","","","","","","","","","","","","","","","","","","","","","","","","","","","","","","","","","","","","","","","","","","","","","","","","","","","","","","","","","",
"Guatemala","GTM","Children out of school, primary","SE.PRM.UNER","","","","","","","","","","","458638","457977","462672","","478079","476959","","","462864","462538","447415","419727","464759","428392","","","","","","","","","","","","","","514521","","328599","292825","318378","256938","","168707","141789","114237","92775","88802","","","55265","117926","170353","218977","233950","260599","245390","221556","227941","226098","198635","198772","197954","201342",
"Guam","GUM","Children out of school, primary","SE.PRM.UNER","","","","","","","","","","","","","","","","","","","","","","","","","","","","","","","","","","","","","","","","","","","","","","","","","","","","","","","","","","","","","","","","","",
"Guyana","GUY","Children out of school, primary","SE.PRM.UNER","","","","","","","","","","","","15632","15736","","14434","","16670","7447","","9745","","","11621","","","","","","","","","8264","9899","11007","","9282","12190","","","","","","","9473","","","","","675","5425","523.329815355479","325","290.66368308352","","","","","","","","13008","15473","","17362","",
"High income","HIC","Children out of school, primary","SE.PRM.UNER","","","","","","","","","","","","","","","","","","","","","","","","","","","","","","","","","","","","","","","","","2856000","2988000","2804000","2205000","2191000","1809000","1676000","1652000","1655000","1633000","1605000","1538000","1459000","1408000","1352000","1309000","1287000","1295000","1323000","1386000","1496000","1651000","1803000","1933000","",
"Hong Kong SAR, China","HKG","Children out of school, primary","SE.PRM.UNER","","","","","","","","","","","","","","","","","","","","","","","","","","","","","","","","","","","","","","","","","","19780","18027","9681","14673","9515","5601","7466","1798","1420","1390.081709972","914.932863069058","959.525463872007","1059.13770558225","2425.87892720307","2775.92804569204","2271.07991979376","740.051952358568","441.179223458923","245.851719278784","2372.43198825821","3586.89679278055","3955.81941990217","4755.10323468689","4490.55652522587",
"Honduras","HND","Children out of school, primary","SE.PRM.UNER","","","","","","","","","","","","","","","","","","","159607","143338","145777","","88821","82701","79497","","87364","","","","","123017","","114500","","","","","","","156066","","","115031","105579","157164","111264","182100","150746","176090","174303","181047","216570","266584","277340","292168","279615","269180","","262925","279423","318905","302852","309515","346452",
"Heavily indebted poor countries (HIPC)","HPC","Children out of school, primary","SE.PRM.UNER","","","","","","","","","","","","","","","","","","","","","","","","","","","","","","","","","","","","","","","","","","","","","","","","","","","","","","","","","","","","","","","","","",
"Croatia","HRV","Children out of school, primary","SE.PRM.UNER","","","","","","","","","","","","","","","","","","","","","","","","","","","","","","","","","","","","","","","","","","492","790","882","","1381","1539","1606","1969","3854","1693","1726","1695","2049","2334","2360","2856","2406","2566","3154","2901","2717","2570","2642","",
"Haiti","HTI","Children out of school, primary","SE.PRM.UNER","","","","","","","","","","","","","","","","","","","","","550545","558076","526116","501009","541048","500534","483200","574614","","","","","","","","","","500435","","","","","","","","","","","","","","","","","","","3718.7949865954","","","","","","","","",
"Hungary","HUN","Children out of school, primary","SE.PRM.UNER","","","","","","","","","","","","","","","","","","","","","","","","","","","","","","","","","","","","","","","","","11545","7147","616","94","172","369","663","1730","3410","6362","8025","9217","6430","9625","13782","16810","19789","19341","17205","16402","15796","13986","13457","7985","",
"IBRD only","IBD","Children out of school, primary","SE.PRM.UNER","","","","","","","","","","","","","","","","","","","","","","","","","","","","","","","","","","","","","","","","","","","","","","","","","","","","","","","","","","","","","","","","","",
"IDA & IBRD total","IBT","Children out of school, primary","SE.PRM.UNER","","","","","","","","","","","","","","","","","","","","","","","","","","","","","","","","","","","","","","","","","","","","","","","","","","","","","","","","","","","","","","","","","",
"IDA total","IDA","Children out of school, primary","SE.PRM.UNER","","","","","","","","","","","","","","","","","","","","","","","","","","","","","","","","","","","","","","","","","","","","","","","","","","","","","","","","","","","","","","","","","",
"IDA blend","IDB","Children out of school, primary","SE.PRM.UNER","","","","","","","","","","","","","","","","","","","","","","","","","","","","","","","","","","","","","","","","","","","","","","","","","","","","","","","","","","","","","","","","","",
"Indonesia","IDN","Children out of school, primary","SE.PRM.UNER","","","","","","","","","","","","5456613","5470670","","5926038","5600581","5144351","4753405","3353653","","","2363737","931927","600505","527935","497616","652367","403297","548571","528405","1009038","1306455","1494448","1684533","1384502","1348160","1649514","1702062","","","","1082406","1148725","1182554","1369667","1559205","1117320","554080","690846","264905","104908","486790","63112","490076","959679","","1685507","1796456","2189066.4453125","495248.938956723","778194.218833413","420235.204818223","358046.028433468","211984.970489349","310417.722365066",
"IDA only","IDX","Children out of school, primary","SE.PRM.UNER","","","","","","","","","","","","","","","","","","","","","","","","","","","","","","","","","","","","","","","","","","","","","","","","","","","","","","","","","","","","","","","","","",
"Isle of Man","IMN","Children out of school, primary","SE.PRM.UNER","","","","","","","","","","","","","","","","","","","","","","","","","","","","","","","","","","","","","","","","","","","","","","","","","","","","","","","","","","","","","","","","","",
"India","IND","Children out of school, primary","SE.PRM.UNER","","","","","","","","","","","","","","","","","","","","","","","","","","","","","","","","","","","","","","","","","13922653","16117290","16538593","10658014","","","","1084266","513722","2225821","1397791","3417578","864367","532655","","","4527728","6862825","7314981","8400290","3989763","1734549.99825594","103701.274301276","548703.462368608","119748.74500455",
"Not classified","INX","Children out of school, primary","SE.PRM.UNER","","","","","","","","","","","","","","","","","","","","","","","","","","","","","","","","","","","","","","","","","","","","","","","","","","","","","","","","","","","","","","","","","",
"Ireland","IRL","Children out of school, primary","SE.PRM.UNER","","","","","","","","","","","","","","","","","","","","","","","","","","","","","","","","","","","","","","","","","179","795","952","83","402","1139","526","806","354","128","981","621","294","376","197","263","64","159","10","773","238","4254","6113","","",
"Iran, Islamic Rep.","IRN","Children out of school, primary","SE.PRM.UNER","","","","","","","","","","","","2119519","","","","","","","","","","","","","1002730","1069195","1128985","1225243","1239916","1318446","911722","","737339","","","","","975763","","1512711","1417290","","206217","155856","106754","52068","65766","313743","","267384","315219","276519","245249","153978","285445","281939","264491","205506","","125631","151524","","","","",
"Iraq","IRQ","Children out of school, primary","SE.PRM.UNER","","","","","","","","","","","","689516","723420","749868","752851","753240","588870","552175","523663","212425","143366","202499","","344513","","397577","353506","316421","276988","309657","","","","644561","","","918723","","","596787","712580","","","622762","670413","","","498693","","","","","","","","","","","","","","","","","",
"Iceland","ISL","Children out of school, primary","SE.PRM.UNER","","","","","","","","","","","","","","","","","","","","","","","","","","","","","","","","","","","","","","","","","272","218","373","298","291","265","335","436","473","478","351","375","337","359","356","389","327","345","361","395","474","476","503","599","",
"Israel","ISR","Children out of school, primary","SE.PRM.UNER","","","","","","","","","","","","","","","","","","","","","","","","","","","","","","","","","","","","","","","","","21863","28407","27775","32918","31375","34076","34347","33306","34563","17873","16367","15028","14647","16591","20730","23041","23989","30246","32954","36904","38897","37652","38591","41407","",
"Italy","ITA","Children out of school, primary","SE.PRM.UNER","","","","","","","","","","","","","","","","","","","","","","","","","","","","","","","","","","","","","","","","","3755","6006","5632","7617","5185","9911","10258","11020","11421","8458","6072","8257","9482","25050","34972","42524","47236","46243","43832","43971","39912","55640","64907","52117","",
"Jamaica","JAM","Children out of school, primary","SE.PRM.UNER","","","","","","","","","","","","","","","","2657","7348","8865","","2942","5110","7349","","4882","10898","15878","17330","13953","25329","13758","15073","18871","","29781","","","","","","41735","38811","39941","44134","47215","35931","35282","","","","","","","","25218","30276","29167","30166","27830.738423","26687","22970","30434","35301","15425","27604","",
"Jordan","JOR","Children out of school, primary","SE.PRM.UNER","","","","","","","","","","","","","","","","","","","","","","","","","","","","","","","","","","","","","","","","","","","78685","65418","56133","55999","61355","76404","99969","","105572","99318","96172","64646","","","39331","23834","19395","19756","17986","28968","21339","30737","21351",
"Japan","JPN","Children out of school, primary","SE.PRM.UNER","","","","","","","","","","","","","","","","","","","","","","","","","","","","","","","","","","","","","","","","","","","","","","","","","","","","","","2090","6711","9398","6095","3207","5893","5422","8410","1885","5974","3971","",
"Kazakhstan","KAZ","Children out of school, primary","SE.PRM.UNER","","","","","","","","","","","","","","","","","","","","","","","","","","","","","","","","","","","","","","","","","53182","28095","27422","24507","24586","21178","23156","38263","52341","67436","78577","75710","80042","91695","100221","105069","113415","80808","72946","58533","165748","170299","162925","93210","102766",
"Kenya","KEN","Children out of school, primary","SE.PRM.UNER","","","","","","","","","","","","","","","","","","","","","","","","","","","","","","","","","","","","","","","","1963801","1867154","1470292","1614261","837525","908635","861156","914574","311609","601767","505601","","","1249057","","","","","","","","","2996749","2704434","468923","",
"Kyrgyz Republic","KGZ","Children out of school, primary","SE.PRM.UNER","","","","","","","","","","","","","","","","","","","","","","","","","","","","","","","","","","","","","61830","","","32311","39256","38112","40255","43918","21705","33015","26008","28752","28506","26580","21192","24136","23777","23592","20258","22796","12987","13463","12165","15475","30936","25931","21412","","18748",
"Cambodia","KHM","Children out of school, primary","SE.PRM.UNER","","","","","","","","","","","","","","","","","","","","","","","","","","","","","","","","","","","","","","290788","362398","337522","227015","","","89285","","","103853","81760","93303","","124229","25105","47785","","166042","160776","199386","229625","222356","188935","190883","223795.998046875","320435.012695312","159915.60865639","76741.0456542969",
"Kiribati","KIR","Children out of school, primary","SE.PRM.UNER","","","","","","","","","","","","","","","","","","","","822","","482","267","358","408","166","164","428","","92","","64","63","80","37","0","21","178","","","350","","","","","","","","","","","","","","60.8816002155163","140.936242934138","164.59034792368","223.993929091794","","","361.648944487882","450.499169527186","794","1547","1596",
"St. Kitts and Nevis","KNA","Children out of school, primary","SE.PRM.UNER","","","","","","","","","","","","","","","","","","","","","","","","","","531","358","","","","","","50","","","","","","","","","123","4","115","2","66","","49","48","","","","","","","","","","","","","","","","",
"Korea, Rep.","KOR","Children out of school, primary","SE.PRM.UNER","","","","","","","","","","","","","","","","","","","","","","","","","","","","","","","","","","","","","","","","","98027","92431","85209","50430","59631","28666","22143","9081","5909","43186","1882","30663","36021","65766","81037","4439","19406","51373","51348","25087","37706","41169","29809","175","",
"Kuwait","KWT","Children out of school, primary","SE.PRM.UNER","","","","","","","","","","","","43726","43401","42101","42675","42689","41604","37585","27254","30038","33167","34241","34382","34203","36874","39468","41732","53453","56663","","","","63522","","42880","","41830","45734","27064","26628","22812","16048","8178","3868","3615","5155","","965","1604","","993.049950344663","145.231571377226","2879.5348622775","4275","5077.92328898676","7874.84358477054","21183","","","","","","","","",
"Latin America & Caribbean (excluding high income)","LAC","Children out of school, primary","SE.PRM.UNER","","","","","","","","","","","","","","","","","","","","","","","","","","","","","","","","","","","","","","","","","","","","","","","","","","","","","","","","","","","","","","","","","",
"Lao PDR","LAO","Children out of school, primary","SE.PRM.UNER","","","","","","","","","","","","","","","","","","","","","","","","","","","","","197061","","212025","","271393","249837","232293","","229773","217689","198739","198489","196823","205213","195839","175441","172805","166674","161206","139022","119624","100285","63159","60276","55859","36943","29481","35907","39411","47181","51275","50262","52166","53689","72541","73926","81506",
"Lebanon","LBN","Children out of school, primary","SE.PRM.UNER","","","","","","","","","","","","","","","29799","","","","","","","","","","","","","","","","","","","","","","","211715","147476","123719","115898","136291","129219","118840","108912","108414","113436","116143","126067","131020","129788","124427","116598","106958","160957","186429","167102","159134","166088","173794","182162","190995","184913","172038","146896",
"Liberia","LBR","Children out of school, primary","SE.PRM.UNER","","","","","","","","","","","","","","","","","","","","","","","","","","","","","","","","","","","","","","","","245056","","","","","","","","","363796","","","26438","","","463675","103538","159241","211074","","","263314","300269","327280","","",
"Libya","LBY","Children out of school, primary","SE.PRM.UNER","","","","","","","","","","","","142967","117477","95862","64177","52642","29865","29567","38828","","18016","41161","","30335","","","","","","","","","","","","","","","","","","","","","","","","","","","","","","","","","","","","","","","","","",
"St. Lucia","LCA","Children out of school, primary","SE.PRM.UNER","","","","","","","","","","","","","","","","","","","","","","1453","1396","154","251","0","226","","","","2488","","","","","","","","","","2123","1682","80","250","1270","1896","1511","1519","1322","950","1145","1317","1376","1220","1442","1190","1404","1298","1144","964","911","","316","304","1033",
"Latin America & Caribbean","LCN","Children out of school, primary","SE.PRM.UNER","","","","","","","","","","","","","","","","","","","","","","","","","","","","","","","","","","","","","","","","","","","","","","","","","","","","","","","","","","","","","","","","","",
"Least developed countries: UN classification","LDC","Children out of school, primary","SE.PRM.UNER","","","","","","","","","","","","","","","","","","","","","","","","","","","","","","","","","","","","","","","","","","","","","","","","","","","","","","","","","","","","","","","","","",
"Low income","LIC","Children out of school, primary","SE.PRM.UNER","","","","","","","","","","","","","","","","","","","","","","","","","","","","","","","","","","","","","","","","","29750000","29130000","28540000","27870000","27220000","26560000","25990000","25410000","24840000","24430000","24340000","24420000","24560000","24880000","25530000","26200000","26850000","27440000","28100000","28700000","29110000","29380000","30040000","30280000","",
"Liechtenstein","LIE","Children out of school, primary","SE.PRM.UNER","","","","","","","","","","","","","","","","","","","","","","","","","","","","","","","","","","","","","","","","","","","","16","9","6","23","20","16","29","15","24","29","","44","1","6","3","3","2","11","16","","","",
"Sri Lanka","LKA","Children out of school, primary","SE.PRM.UNER","","","","","","","","","","","","","","","","","","359350","","","","","","","","","36193","","","","","","","","","","","","","","","54134","73117","98948","133718","137154","135227","131089","131890","156822","125454","128905","134633","4794.78001781646","115948","71920","68933","6060.54184166249","3098.50134892319","8815.2325593601","13115.69938967","34687.1988629683","135381.602929688","157499.333935547","",
"Lower middle income","LMC","Children out of school, primary","SE.PRM.UNER","","","","","","","","","","","","","","","","","","","","","","","","","","","","","","","","","","","","","","","","","79400000","74840000","70800000","67220000","64730000","63050000","60920000","59000000","56830000","55230000","52510000","50130000","48160000","46560000","44990000","43790000","42830000","41830000","40910000","39940000","38840000","37800000","36690000","35740000","",
"Low & middle income","LMY","Children out of school, primary","SE.PRM.UNER","","","","","","","","","","","","","","","","","","","","","","","","","","","","","","","","","","","","","","","","","","","","","","","","","","","","","","","","","","","","","","","","","",
"Lesotho","LSO","Children out of school, primary","SE.PRM.UNER","","","","","","","","","","","76253","85877","86090","86494","70637","","70765","68898","85525","85114","87996","91530","85397","92542","96341","96530","103654","91759","93594","101173","110070","110768","115033","128117","130780","140362","142900","","168634","176214","96087","85291","73269","62979","62517","55864","45730","51562","49096","51684","49781","48923","48875","48661","54096","57261","55889","51629","71625","82562","89478","113157","110928","117314","124175",
"Late-demographic dividend","LTE","Children out of school, primary","SE.PRM.UNER","","","","","","","","","","","","","","","","","","","","","","","","","","","","","","","","","","","","","","","","","","","","","","","","","","","","","","","","","","","","","","","","","",
"Lithuania","LTU","Children out of school, primary","SE.PRM.UNER","","","","","","","","","","","","","","","","","","","","","","","","","","","","","","","","","","","","","","","","","242","639","480","197","","","","","","","","","","148","532","371","204","151","412","657","588","627","27","120","",
"Luxembourg","LUX","Children out of school, primary","SE.PRM.UNER","","","","","","","","","","","","","","","","","","","","","","","","","","","","","","","","","","","","","","","","","1356","1067","934","1517","1570","917","1046","1084","1150","","1386","1809","695","980","1100","969","985","1280","960","589","647","681","144","254","",
"Latvia","LVA","Children out of school, primary","SE.PRM.UNER","","","","","","","","","","","","","","","","","","","","","","","","","","","","","","","","","","","","","","","","","","","","","","","","","10","972","958","852","1639","2115","2262","2406","2107","1854","1382","1421","1566","1525","1724","2427","",
"Macao SAR, China","MAC","Children out of school, primary","SE.PRM.UNER","","","","","","","","","","","","","","","","","","","","","","","","","","","","","","","","","","","","","","","","","","5462","3930","3756","3416","3697","4067","3489","3005","2713","2373","1641","2040","1728","1111","1032","639","720.89473286481","656","2074","3591","5067","7072","6221","4608",
"St. Martin (French part)","MAF","Children out of school, primary","SE.PRM.UNER","","","","","","","","","","","","","","","","","","","","","","","","","","","","","","","","","","","","","","","","","","","","","","","","","","","","","","","","","","","","","","","","","",
"Morocco","MAR","Children out of school, primary","SE.PRM.UNER","","","","","","","","","","","","1352180","1360171","1386701","","1372011","1328102","1265732","1215777","1187206","1155996","1131212","1167690","1140752","1101400","1157822","1223574","1300153","1369489","1457089","1451749","1751094","1729851","1630605","1502208","1361930","1257515","1203910","1266534","855359","732215","637067","538700","475342","490444","472578","444568","423758","433273","470382","327550","267249","292856","252270","293780","394740","320054","284431","204590","126727","19245.9676216082","18988.0868574185","","","",
"Monaco","MCO","Children out of school, primary","SE.PRM.UNER","","","","","","","","","","","","","","","","","","","","","","","","","","","","","","","","","","","","","","","","","","","","","","","","","","","","","","","","","","","","","","","","","",
"Moldova","MDA","Children out of school, primary","SE.PRM.UNER","","","","","","","","","","","","","","","","","","","","","","","","","","","","","","","","","","","","","","","","","","","","","","","","","","","12754","11940","11918","11690","263.774350557476","582.752600569438","810.836341604328","861.461259079893","875.774463631591","2563.17825979585","1040.71931504378","431.600363099948","557.675749164453","749.512780680685","587.994778622073",
"Madagascar","MDG","Children out of school, primary","SE.PRM.UNER","","","","","","","","","","","","","423435","","","","","","","","","","","","","","","","","648668","685449","","","","","925528","911926","","","853511","850984","865019","895497","704288","","","","","","","63514","54473.9183552354","62203.0419242261","68182.1785466401","68053.7739740652","71904.9554075981","100767","78916.7198423226","88040","331018","251871","97095.2036771737","121822.423928992","129499.448553107","135620.714821936",
"Maldives","MDV","Children out of school, primary","SE.PRM.UNER","","","","","","","","","","","","","","","","","","","","","","","","","","","","","","","","","","","","","","2901","","1994","1835","1902","1963","","1893","2146","2103","2521","2420","1907","2563","2155.29293521727","2488","2629","1955.14561532022","2054.25253564604","2550.19368750296","2321.98204717197","2380.97753591641","2263.21350012593","2392.43720628747","","2494","3089","417.765304850174",
"Middle East, North Africa, Afghanistan & Pakistan","MEA","Children out of school, primary","SE.PRM.UNER","","","","","","","","","","","","","","","","","","","","","","","","","","","","","","","","","","","","","","","","","","","","","","","","","","","","","","","","","","","","","","","","","",
"Mexico","MEX","Children out of school, primary","SE.PRM.UNER","","","","","","","","","","","","","","","","","","","","","","","","","","","","","","","","","","","","","","","","","8115","23211","34103","36972","40213","29060","25605","21382","12914","16661","21830","27853","31456","36338","42418","42584","42015","44745","34220","42275","38701","44228","45259","45955","",
"Marshall Islands","MHL","Children out of school, primary","SE.PRM.UNER","","","","","","","","","","","","","","","","","","","","","","","","","","","","","","","","","","","","","","","","","","","289","","","","","","","","","9","","","","690","452.000000953672","","","65.9927035036271","60.7054470648081","3.13849357458275","20.2655164961707","17.479374326691","77.8422432973839",
"Middle income","MIC","Children out of school, primary","SE.PRM.UNER","","","","","","","","","","","","","","","","","","","","","","","","","","","","","","","","","","","","","","","","","","","","","","","","","","","","","","","","","","","","","","","","","",
"North Macedonia","MKD","Children out of school, primary","SE.PRM.UNER","","","","","","","","","","","","","","","","","","","","","","","","","","","","","","","","","","","","","","","","","66","323","436","1845","1024","1137","3059","1765","5304","3007","383","","2668","3869","4369","2560","","3332","3842","8415","7961","8539","3232","4151","",
"Mali","MLI","Children out of school, primary","SE.PRM.UNER","","","","","","","","","","","","754601","764241","777189","771466","","","830363","","","","","","","","","","","","","","","","","","","","","","1128125","","","1048996","1064295","1083366","1003713","1005792","995934","","909099","925682","947621","1052054","1213854","1239947","1371594","1379421","1257873","1390223","","","","","1186892","",
"Malta","MLT","Children out of school, primary","SE.PRM.UNER","","","","","","","","","","","","","","","","","","","","","","","","","","","","","","","","","","","","","","","","","","","","","","","","","","","","13","63","207","280","306","321","274","229","626","1015","1431","1988","738","",
"Myanmar","MMR","Children out of school, primary","SE.PRM.UNER","","","","","","","","","","","","1375914","","1119418","1495137","","","","1287088","","","","","","","","","","","","","","","","","","","","","","344933","320916","420356","297882","311270","259350","221922","366449","89894","79238","65967","","","","","","","","","","","","","","",
"Middle East, North Africa, Afghanistan & Pakistan (excluding high income)","MNA","Children out of school, primary","SE.PRM.UNER","","","","","","","","","","","","","","","","","","","","","","","","","","","","","","","","","","","","","","","","","","","","","","","","","","","","","","","","","","","","","","","","","",
"Montenegro","MNE","Children out of school, primary","SE.PRM.UNER","","","","","","","","","","","","","","","","","","","","","","","","","","","","","","","","","","","","","","","","","","","","0","","18","1138","1944","1708","","","145","335","","","14","473","47","868","122","115","64","","80","",
"Mongolia","MNG","Children out of school, primary","SE.PRM.UNER","","","","","","","","","","","","","","","","","","","","","7638","","","10086","","","","12589","","","","","","","","40787","35770","45407","33260","24453","16300","12326","15028","31248","16163","24365","13105","10743","4327","324","586","420","3857","10964","13033","12914","11391","18957","15563.9952697754","20505.0004577637","28547.005859375","32340.9903564453","29590.998840332","31778.9943847656","35208.9993896484",
"Northern Mariana Islands","MNP","Children out of school, primary","SE.PRM.UNER","","","","","","","","","","","","","","","","","","","","","","","","","","","","","","","","","","","","","","","","","","","","","","","","","","","","","","","","","","","","","","","","","",
"Mozambique","MOZ","Children out of school, primary","SE.PRM.UNER","","","","","","","","","","","","","","761632","","","","","","775048","","845416","857309","654781","","631274","659663","905599","967427","965570","942782","998544","1048217","1072757","1118627","1237509","","","1744454","1662225","1569319","1436269","1609935","","1162993","978941","830848","613683","456679","385740","296233","367780","325801","241506","193697","140842.137750685","237273","357063","194412","74101.5114180529","49491.2792907394","","64247.3903273614","","",
"Mauritania","MRT","Children out of school, primary","SE.PRM.UNER","","","","","","","","","","","","","","","","","","","","","","","","","","194230","","","","","","","","","195390","176266","167864","","162058","169323","176382","170763","181243","173525","144380","152660","139256","132521","148662","152362","155403","161822","180028","177772","176825","160765","221903","202542","199495","231944","195919","","","","291098",
"Mauritius","MUS","Children out of school, primary","SE.PRM.UNER","","","","","","","","","","","","","","","","","","","","","","","","","","","","","","","","","","","","","","","","","","724","700","630","2379","2101","2186","2768","2747","3727","3624","4208","8764","6556","5970","5520","5035","4525","2259","3770","3162","5127","","1399","618.430232269282",
"Malawi","MWI","Children out of school, primary","SE.PRM.UNER","","","","","","","","","","","","","","","","","","","","","","","","","","","","","","","","","","","","","","","","38412","","","","","17811","16470","28279","75144","30521","23370","","","","","","","","","","","","75353.6072778427","70758.0297260471","","",
"Malaysia","MYS","Children out of school, primary","SE.PRM.UNER","","","","","","","","","","","138174","124528","96877","","","","","","","","","","","","","","","","","","","","","","111955","","","","121397","97398","87056","154096","229189","224818","142038","107279","178184","146936","138396","130737","151224","166212","175024","179814","229155","254960","258741","254364","250219","354480","389154","404416","419775","308987","404724",
"North America","NAC","Children out of school, primary","SE.PRM.UNER","","","","","","","","","","","","","","","","","","","","","","","","","","","","","","","","","","","","","","","","","","","","","","","","","","","","","","","","","","","","","","","","","",
"Namibia","NAM","Children out of school, primary","SE.PRM.UNER","","","","","","","","","","","","","","","","","","","","","","","","","","","","","","34216","33951","","20743","","16994","17603","23004","24807","27737","35433","38106","39093","35637","34567","39449","32570","36947","24291","23794","20674","17009.0017700195","12815.0026550293","6918.99688720703","2767.0094859071","4075.7096692138","5007.81557307963","5766.29392030119","5558.20536704734","5823.31103586394","5778.01919628365","4451.8722402929","3790.84832540108","5003.59236720327","3787.74632343836","4230.20946880174",
"New Caledonia","NCL","Children out of school, primary","SE.PRM.UNER","","","","","","","","","","","","","","","","","","","","","","","1939","1551","1796","3223","3203","2832","1085","498","1641","1409","","","","","","","","","","","","","","","","","","","","","","","","","","","","","","","","","",
"Niger","NER","Children out of school, primary","SE.PRM.UNER","","","","","","","","","","","","","","741621","753734","","","769258","776511","","","804665","","","","","893316","","","998942","1026010","1051160","1111829","","","","","1240054","1275116","1287958","1321093","1306635","1294343","1277282","1260352","1318298","1353494","1392369","1373360","1336682","1284462","1207685","1219509","1254841","1322924","1314694","1324023","1259117","","1625786","","1759698","1800747","1779825","1876779",
"Nigeria","NGA","Children out of school, primary","SE.PRM.UNER","","","","","","","","","","","","","","","","","","","","","","","","","","","","","","","","","","","","","","","","7544191","7209033","","","","7903004","8047765","8241086","7904316","9808950","9900361","10293439","","","","","","","","","","","","","9070702","",
"Nicaragua","NIC","Children out of school, primary","SE.PRM.UNER","","","","","","","","","","","187248","183986","193197","196235","203776","202166","203479","214556","231222","","197426","","217059","220463","236514","217684","232737","229006","233264","250152","236563","220666","198074","194896","191149","209842","221443","","","148270","124057","92660","35993","","8479","7555","23739","29622","25034","","34410","","","","","","","","","","","","","53481","",
"Netherlands","NLD","Children out of school, primary","SE.PRM.UNER","","","","","","","","","","","","","","","","","","","","","","","","","","","","","","","","","","","","","","","","","","","","","","","","","","","","","","","","","","2274","2928","1416","1937","2114","4446","5698","",
"Norway","NOR","Children out of school, primary","SE.PRM.UNER","","","","","","","","","","","","","","","","","","","","","","","","","","","","","","","","","","","","","","","","","2970","2267","2361","2519","2252","2658","2204","1349","701","778","1076","827","1150","1122","1788","2307","3052","2918","3394","3769","4662","4216","4220","5825","",
"Nepal","NPL","Children out of school, primary","SE.PRM.UNER","","","","","","","","","","","","","","","","","","","","","","","","912191","903127","","","","850134","","","","","","","","","","","1173294","1023034","","","839999","768111","","","","","","","55749","40697","","32146","27373","13020","38642","","","","7029.75085426215","18195.2658322458","57234.1603078972","57449.248105255",
"Nauru","NRU","Children out of school, primary","SE.PRM.UNER","","","","","","","","","","","","","","","","","","","","","","","","","","","","","","","","","","","","","","","","","","","","","","","","145","","","","","247","","115","","132","","","64","150","","92","8","55.3230826671306",
"New Zealand","NZL","Children out of school, primary","SE.PRM.UNER","","","","","","","","","","","","","","","","","","","","","","","","","","","","","","","","","","","","","","","","","","","","","","","","","","","","","","2264","3379","4386","4575","4918","5066","3851","5130","5306","9913","8998","",
"OECD members","OED","Children out of school, primary","SE.PRM.UNER","","","","","","","","","","","","","","","","","","","","","","","","","","","","","","","","","","","","","","","","","","","","","","","","","","","","","","","","","","","","","","","","","",
"Oman","OMN","Children out of school, primary","SE.PRM.UNER","","","","","","","","","","","","","","","","","","","","","","","","","","","","","","","","","","","","","","","","","54252","50471","50020","39427","","","","","","5558","","717.33464558475","4442","3270","6118","12091","15015","9993","3745","7969","34075","37939","40605","","",
"Other small states","OSS","Children out of school, primary","SE.PRM.UNER","","","","","","","","","","","","","","","","","","","","","","","","","","","","","","","","","","","","","","","","","","","","","","","","","","","","","","","","","","","","","","","","","",
"Pakistan","PAK","Children out of school, primary","SE.PRM.UNER","","","","","","","","","","","","","","","","","","","","","","","","","","","","","","","","","","","","","","","","","","","","","","","","","","","","","","","","","","","","","","9136436.75390625","8625053.18359375","8389473.32421875","5434995.81640625",
"Panama","PAN","Children out of school, primary","SE.PRM.UNER","","","","","","","","","","","63234","44891","40180","36315","","33788","35083","","28442","32223","34701","37892","39992","42609","42337","39763","39700","37516","41874","39310","42108","","","","","","","","","25960","21214","15338","6361","","476","2000","244","390","2172","13503","12001","17273","20906","25120","34200","43797","","55869","","54425","44539","15870","14057","41370","",
"Peru","PER","Children out of school, primary","SE.PRM.UNER","","","","","","","","","","","486076","","","410835","","","","","","","422543","299021","290240","","","161853","","","301097","","","","","351997","","544504","561029","582489","112489","72877","57430","35352","16208","70471","11365","16257","24844","28344","27905","27217","21009","25931","","","","","2666","1552","6314","5359","","","","","",
"Philippines","PHL","Children out of school, primary","SE.PRM.UNER","","","","","","","","","","","","","","","","","918601","","","880452","","977784","921109","991672","991215","671438","733548","735306","586140","485924","460200","","877636","1037170","1253900","","1074385","","1524539","1863499","","1722199","1691305","1754918","1788500","1731449","1908174","1901756","1817138","1610637","","","","","1372966","1475549","1508140","1494425","1518961","1285015","1198429","1731428","1531686","1470794","1616165",
"Palau","PLW","Children out of school, primary","SE.PRM.UNER","","","","","","","","","","","","","","","","","","","","","","","","","","","","","","","","","","","","","","","","","","","","","","","","","","","","","","10","28","","","","","","23.7427440633246","8.06476683937831","201","114","",
"Papua New Guinea","PNG","Children out of school, primary","SE.PRM.UNER","","","","","","","","","","","","","","","","","","","","","","","","","","","","","","169284","","","","","","","","","","","","","","","","","","","","","","","339432","","384354","","131536","","11662.4529416063","20957.9239218044","41443.5509820422","53289.224709193","","","",
"Poland","POL","Children out of school, primary","SE.PRM.UNER","","","","","","","","","","","","","","","","","","","","","","","","","","","","","","","","","","","","","","","","","42415","29178","30693","28806","30711","31908","36824","48877","58929","66145","62828","69263","73980","81415","90018","","","114695","110315","83029","23857","334","286","1874","",
"Pre-demographic dividend","PRE","Children out of school, primary","SE.PRM.UNER","","","","","","","","","","","","","","","","","","","","","","","","","","","","","","","","","","","","","","","","","","","","","","","","","","","","","","","","","","","","","","","","","",
"Puerto Rico (US)","PRI","Children out of school, primary","SE.PRM.UNER","","","","","","","","","","","","","","","","","","","","","","","","","","","","","","","","","","","","","","","","","","","","","","","","","","","25206","30055","21630","17399","13790","13749","24588","","21598","","","","","22174","21785",
"Korea, Dem. People's Rep.","PRK","Children out of school, primary","SE.PRM.UNER","","","","","","","","","","","","","","","","","","","","","","","","","","","","","","","","","","","","","","","","","","","","","","","","","","7727","","","","","","","","","","","","","","","",
"Portugal","PRT","Children out of school, primary","SE.PRM.UNER","","","","","","","","","","","","","","","","","","","","","","","","","","","","","","","","","","","","","","","","","16335","1821","90","520","462","1166","569","2190","5581","860","175","62","1584","1444","4724","12040","15206","14894","12016","5794","1312","546","971","2741","",
"Paraguay","PRY","Children out of school, primary","SE.PRM.UNER","","","","","","","","","","","61648","","118171","67354","","80213","72670","65473","55115","47633","37312","30540","","30054","29878","26807","29877","24021","14829","6359","3292","2405","61541","2425","33568","41132","20213","","","5408","6735","6173","5680","5193","5720","6259","5463","4428","9493","15679","11843","11085","10851","","","","74167","","","","89796","93012","93829","97283","105859",
"West Bank and Gaza","PSE","Children out of school, primary","SE.PRM.UNER","","","","","","","","","","","","","","","","","","","","","","","","","","","","","","","","","","","","","","","","39479","30037","32623","27903","27650","29594","41192","47080","51885","45526","40965","37435","37547","39279","29864","25322","24957","23310","18286","23505","28806","34346","44449","52382","53793","",
"Pacific island small states","PSS","Children out of school, primary","SE.PRM.UNER","","","","","","","","","","","","","","","","","","","","","","","","","","","","","","","","","","","","","","","","","","","","","","","","","","","","","","","","","","","","","","","","","",
"Post-demographic dividend","PST","Children out of school, primary","SE.PRM.UNER","","","","","","","","","","","","","","","","","","","","","","","","","","","","","","","","","","","","","","","","","","","","","","","","","","","","","","","","","","","","","","","","","",
"French Polynesia","PYF","Children out of school, primary","SE.PRM.UNER","","","","","","","","","","","","","","","","","","","","","","","","2536","2710","2877","","","","2010","1981","","","1138","","718","1103","","","","","","","","","","","","","","","","","","","","","","","","","","","","",
"Qatar","QAT","Children out of school, primary","SE.PRM.UNER","","","","","","","","","","","","","","","","","","","","","","","","","","","","","","","","","","","","","","","","","","6952","6666","8743","5233","3864","5740","3101","","2305","2799","3614","1227","3137","7541","5093","2268","121.372066281416","953.121672799549","2887","3919","22996","13938","","",
"Romania","ROU","Children out of school, primary","SE.PRM.UNER","","","","","","","","","","","","","","","","","","","","","","","","","","","","","","","","","","","","","","","","","5849","6540","13560","41029","50808","68519","56940","57787","28764","10078","20240","34853","53033","","","83879","95932","99956","87591","76260","81332","92551","159418","160246","",
"Russian Federation","RUS","Children out of school, primary","SE.PRM.UNER","","","","","","","","","","","","","","","","","","","","","","","","","","","","","","","","","","","","","","","","","","","","","","","306702","315003","235054","247977","","245998","155659","183618","161531","123062","130343","24203","5373","13749","20197.9809452882","19320.4898153218","26138.2242017062","187975","",
"Rwanda","RWA","Children out of school, primary","SE.PRM.UNER","","","","","","","","","","","","","","","","","","","","","","","","","","","","","","","","","","","","","","","","","","","140152","165831","","","","","","","","","","","","","14570","21152","25201","28353","","1838.76676307782","150245","9133.55546801118","19504.1283484402",
"South Asia","SAS","Children out of school, primary","SE.PRM.UNER","","","","","","","","","","","","","","","","","","","","","","","","","","","","","","","","","","","","","","","","","","","","","","","","","","","","","","","","","","","","","","","","","",
"Saudi Arabia","SAU","Children out of school, primary","SE.PRM.UNER","","","","","","","","","","","","","","","","","","","","266642","","","","","","","","","","","","","","","","","","","","","","","","","","","","","","","","","","205071","166103","107094","84608.2553285183","","","","69746","109130","92867","","17458",
"Sudan","SDN","Children out of school, primary","SE.PRM.UNER","","","","","","","","","","","","","","","","","","","","","","","","","","","","","","","","","","","","","","","","","","","","","","","","","","","","2760718","3047788","3069195","3124191","3158151","3104783","3027644","2753520","3169356","","","","","",
"Senegal","SEN","Children out of school, primary","SE.PRM.UNER","","","","","","","","","","","","","","","","","","","633947","634245","647599","661578","670348","676176","692818","710531","659605","","697110","725893","753872","","794607","","814327","","779609","726063","695741","719484","676284","","","583021","629362","620721","583583","552996","547782","559286","557540","560207","512867","542163","546403","564943","","","","643693","610246","672112","679186","658669","675615",
"Singapore","SGP","Children out of school, primary","SE.PRM.UNER","","","","","","","","","","","","","","","","","","","","","","","","","","","","","","","","","","","","","","","","","","","","","","","","","","","","","","","","","24.4231993908761","71.8498302177468","476","235.85038467258","268.119291853829","1520","2201","504","",
"Solomon Islands","SLB","Children out of school, primary","SE.PRM.UNER","","","","","","","","","","","","","","","","","","","","","","","","","","","","","","","","","","","","","","","","","","","","","","20062","16418","16352","","","","","","1592","2602","2728","","32711.0009918213","10312.9981842041","13189.9994049072","28503.0005493164","","","38709.9990844727","36439.9963226318",
"Sierra Leone","SLE","Children out of school, primary","SE.PRM.UNER","","","","","","","","","","","","","","","","","","","","","","","","335881","","","","","","","","","","","","","","","","","","","","","","","","","","","","61582","33425","13336.2870831064","","12746.3386713611","","","","","","","","","",
"El Salvador","SLV","Children out of school, primary","SE.PRM.UNER","","","","","","","","","","","213782","","","","","","","","","","","","","","","","","","","","","","","","","","","","183470","","100163","83326","57367","45093","","","","","","","","","","","46479","51888","57212","84737","79271","97817","100432","106135","105097","95913","57338.9089499814",
"San Marino","SMR","Children out of school, primary","SE.PRM.UNER","","","","","","","","","","","","","","","","","","","","","","","","","","","","","","","","","","","","","","","","","","","","","26","","","","129","137","150","159","138","","","","","","88","97","95","105","101","104","91",
"Somalia, Fed. Rep.","SOM","Children out of school, primary","SE.PRM.UNER","","","","","","","","","","","","","","","","","579476","599670","628417","699492","803231","","","","","","","","","","","","","","","","","","","","","","","","","","","","","","","","","","","","","","","","","","","","",
"Serbia","SRB","Children out of school, primary","SE.PRM.UNER","","","","","","","","","","","","","","","","","","","","","","","","","","","","","","","","","","","","","","","","","","","","","","937","422","3438","4168","9982","15004","7458","10495","10006","3423","2187","2253","2752","3815","4887","7672","9862","10425","","",
"Sub-Saharan Africa (excluding high income)","SSA","Children out of school, primary","SE.PRM.UNER","","","","","","","","","","","","","","","","","","","","","","","","","","","","","","","","","","","","","","","","","","","","","","","","","","","","","","","","","","","","","","","","","",
"South Sudan","SSD","Children out of school, primary","SE.PRM.UNER","","","","","","","","","","","","","","","","","","","","","","","","","","","","","","","","","","","","","","","","","","","","","","","","","","","","887775","","","","1154645","","","","","","","","","1199083",
"Sub-Saharan Africa","SSF","Children out of school, primary","SE.PRM.UNER","","","","","","","","","","","","","","","","","","","","","","","","","","","","","","","","","","","","","","","","","","","","","","","","","","","","","","","","","","","","","","","","","",
"Small states","SST","Children out of school, primary","SE.PRM.UNER","","","","","","","","","","","","","","","","","","","","","","","","","","","","","","","","","","","","","","","","","","","","","","","","","","","","","","","","","","","","","","","","","",
"Sao Tome and Principe","STP","Children out of school, primary","SE.PRM.UNER","","","","","","","","","","","","","","","","","","","","","","","","693","494","","","440","122","","530","","","","","","","","","4759","","","1166","992","655","477","","2020","2001","1954","2065","","","2697","2780","3022","","969","","","","","","","",
"Suriname","SUR","Children out of school, primary","SE.PRM.UNER","","","","","","","","","","","","","","","","","","3811","2714","","","","","","","3612","","6188","6244","3887","","","","","","","","","","","","","","","","11342","11666","14462","12042","10875","12154","13031","12146","11865","11709","10446","9775","12596","12412","11031","12067","13021","7703.1684352975","6118.57512061251","",
"Slovak Republic","SVK","Children out of school, primary","SE.PRM.UNER","","","","","","","","","","","","","","","","","","","","","","","","","","","","","","","","","","","","","","","","","","1858","5518","6224","6173","6495","7860","7350","8037","9519","10017","11257","12083","12578","13766","13763","15084","13637","16561","14191","11607","10060","6651","2889","",
"Slovenia","SVN","Children out of school, primary","SE.PRM.UNER","","","","","","","","","","","","","","","","","","","","","","","","","","","","","","","","","","","","","","","","","1793","1925","2347","2073","2634","1835","1467","2937","2418","2342","2255","2394","2188","2207","2175","2011","2694","2606","1962","1705","1338","2011","1596","1904","",
"Sweden","SWE","Children out of school, primary","SE.PRM.UNER","","","","","","","","","","","","","","","","","","","","","","","","","","","","","","","","","","","","","","","","","1963","3016","2506","2457","2584","2318","1872","1889","1714","2541","4698","13923","3280","5448","8227","5305","2759","1099","3375","5585","5106","3811","4274","3210","",
"Eswatini","SWZ","Children out of school, primary","SE.PRM.UNER","","","","","","","","","","","38387","39106","37615","34895","33988","31896","31268","30446","31021","31198","30424","28868","31399","35152","36933","36828","40868","41950","44287","47346","46429","48711","49658","54376","54733","52348","58032","","","","","","","","","","","","","39403","26173","16141","24164","28658","23886","22346","20327","21509","18425","16153","","","7275","","",
"Sint Maarten (Dutch part)","SXM","Children out of school, primary","SE.PRM.UNER","","","","","","","","","","","","","","","","","","","","","","","","","","","","","","","","","","","","","","","","","","","","","","","","","","","","","115.925609756098","","","","","","","","","","","196","",
"Seychelles","SYC","Children out of school, primary","SE.PRM.UNER","","","","","","","","","","","","","","","","","","","","1577","","","","","","","","","","","","","","779","555","571","554","","115","","","855","378","202","667","294","","","","","","","","129","126","59","90","163","135","197","319","274.553533190578","188","329","699",
"Syrian Arab Republic","SYR","Children out of school, primary","SE.PRM.UNER","","","","","","","","","","","","331138","","249715","232452","238842","227443","235171","269310","276746","264542","264172","260786","254043","224399","200447","172163","103065","101301","87852","91684","89882","83813","86060","83729","120972","157810","191754","178614","162342","168654","176435","140102","38629","31222","29470","28358","28099","26050","24386","25346","19969","20365","766899","","","","","","","1118300","1104008","934935","745174","581845",
"Turks and Caicos Islands","TCA","Children out of school, primary","SE.PRM.UNER","","","","","","","","","","","","","","","","","","","","","","","","","","","","","","","","","","","","","","264","","169","90","","86","443","263","228","","","","102","","","","","347","245","","181.445036642239","","","","142.273044692738","","","3.9178525226389",
"Chad","TCD","Children out of school, primary","SE.PRM.UNER","","","","","","","","","","","","","","","","496058","","524477","","","","","","","","","","","626032","","","","","","","","778824","742549","710846","728965","747434","756863","723443","725708","","","","","","","","853188","","571014","","615103","807354","994376","865921","920909","","901579","924138","893810","855041",
"East Asia & Pacific (IDA & IBRD countries)","TEA","Children out of school, primary","SE.PRM.UNER","","","","","","","","","","","","","","","","","","","","","","","","","","","","","","","","","","","","","","","","","","","","","","","","","","","","","","","","","","","","","","","","","",
"Europe & Central Asia (IDA & IBRD countries)","TEC","Children out of school, primary","SE.PRM.UNER","","","","","","","","","","","","","","","","","","","","","","","","","","","","","","","","","","","","","","","","","","","","","","","","","","","","","","","","","","","","","","","","","",
"Togo","TGO","Children out of school, primary","SE.PRM.UNER","","","","","","","","","","","","197482","199920","","","","","","162037","161287","165553","","191507","209610","251956","269302","301599","254802","257007","259888","257544","247323","","","241014","197997","157400","187526","","100851","136560","122543","91191","120868","99631","106644","80619","122094","111373","","","","","","104716","92340","185309.223","117778","127092","108469","59575","49209","12444.6407656816","10944.1667136084","9263.25802369975",
"Thailand","THA","Children out of school, primary","SE.PRM.UNER","","","","","","","","","","","","","","","","","","","","","","","","","","","","","","","","","","","","","","","","","","","","","","","258941","288540","358347","420969","","","","","","","","156065.117625853","12414.6021045428","25370.8689756161","17935.7428231146","22896.893101478","14086.2694955701","72337.8050472792","24588",
"Tajikistan","TJK","Children out of school, primary","SE.PRM.UNER","","","","","","","","","","","","","","","","","","","","","","","","","","","","","","","","","","","","","","","","","48987","52853","42087","49724","47916","45867","47227","44290","35880","26767","17887","21246","51683","66195","68800","61949","50555","33418","","","","","","","",
"Turkmenistan","TKM","Children out of school, primary","SE.PRM.UNER","","","","","","","","","","","","","","","","","","","","","","","","","","","","","","","","","","","","","","","","","","","","","","","","","","","","","","","","","","","","","","","13628","17294","28415",
"Latin America & the Caribbean (IDA & IBRD countries)","TLA","Children out of school, primary","SE.PRM.UNER","","","","","","","","","","","","","","","","","","","","","","","","","","","","","","","","","","","","","","","","","","","","","","","","","","","","","","","","","","","","","","","","","",
"Timor-Leste","TLS","Children out of school, primary","SE.PRM.UNER","","","","","","","","","","","","","","","","","","","","","","","","","","","","","","","","","","","","","","","","","","","","","","","","","19567","12577","10663","7462","12197","12354","13015","12810","13840","9195","10475","10554","9477","","","13085","",
"Middle East, North Africa, Afghanistan & Pakistan (IDA & IBRD)","TMN","Children out of school, primary","SE.PRM.UNER","","","","","","","","","","","","","","","","","","","","","","","","","","","","","","","","","","","","","","","","","","","","","","","","","","","","","","","","","","","","","","","","","",
"Tonga","TON","Children out of school, primary","SE.PRM.UNER","","","","","","","","","","","","","","","","","","","","","","","","","","","","","","","","","","","","","","","","","","","","","59","10","14","","","","","","465.904686677199","463.400491736102","","327.077789418545","","","31.8496281271127","4","52.4443998394199","567.76278563656","354.147633744855","","",
"South Asia (IDA & IBRD)","TSA","Children out of school, primary","SE.PRM.UNER","","","","","","","","","","","","","","","","","","","","","","","","","","","","","","","","","","","","","","","","","","","","","","","","","","","","","","","","","","","","","","","","","",
"Sub-Saharan Africa (IDA & IBRD countries)","TSS","Children out of school, primary","SE.PRM.UNER","","","","","","","","","","","","","","","","","","","","","","","","","","","","","","","","","","","","","","","","","","","","","","","","","","","","","","","","","","","","","","","","","",
"Trinidad and Tobago","TTO","Children out of school, primary","SE.PRM.UNER","","","","","","","","","","","","17778","16521","16325","16290","15486","12080","13495","18362","26659","31012","21348","17932","17504","19043","19176","24107","22311","21344","23269","24950","23979","23119","23798","","","24731","25404","","7937","5615","6641","13978","12724","9271","13324","","3561","10758","9345","7290","","","","","","","","","","","","","38105","",
"Tunisia","TUN","Children out of school, primary","SE.PRM.UNER","","","","","","","","","","","","181368","","","","261639","","","267100","248786","224540","204910","181494","152602","124203","123448","119336","118595","122238","111981","112070","99101","96941","85962","81984","69275","72205","74590","","67255","59388","49030","19874","12425","9771","29999","31849","44071","44137","42108","32984","31732","10657","7758","8848","9461","11230","11816","12473","","21552","21414","19936","14015","",
"Turkiye","TUR","Children out of school, primary","SE.PRM.UNER","","","","","","","","","","","","","","","","","","","","","","","","","","","","","","","","","","","","","","","","","","","","","","","","","","","","","","411","13915","67914","92179","36009","10494","10253","11545","11341","13955","","",
"Tuvalu","TUV","Children out of school, primary","SE.PRM.UNER","","","","","","","","","","","","","","","","","","","","","","","","","","","","","","","","","","","","","","","","","","","","","","","","","","","","","","","26","21.0149253731345","36","","","117","58.2636505460218","","11.0877458396369","4.74084124830392","7.06743185078903",
"Tanzania","TZA","Children out of school, primary","SE.PRM.UNER","","","","","","","","","","","","","","","","","1487077","","","","1062312","1179366","1439024","1568083","1789407","1990883","2139691","2280160","2432582","2488729","2572700","2651389","2681167","2752223","2857316","2913019","2952834","2966147","3043017","3067021","2896644","2649023","1706576","1180204","932181","671080","333527","","296890","","824620","913005","1206867","1502952","1674221","1924848","2098243","2224318","1802747","1557721","1484665","1439150","1513859","1682043","2011380",
"Uganda","UGA","Children out of school, primary","SE.PRM.UNER","","","","","","","","","","","","","","","","","","","","1704079","","1702242","1689894","","","","1372756","","","","","","","","","","","","","","","","","","","","","","","358451","613078","398002","","310010","","","","","","","","","","","",
"Ukraine","UKR","Children out of school, primary","SE.PRM.UNER","","","","","","","","","","","","","","","","","","","","","","","","","","","","","","","","","","","","","","","","","","","32157","159674","152873","136829","130457","121256","118589","123912","129998","144312","166944","182253","199867","279279","297505","306822","318078","311587","309449","299855","","","",
"Upper middle income","UMC","Children out of school, primary","SE.PRM.UNER","","","","","","","","","","","","","","","","","","","","","","","","","","","","","","","","","","","","","","","","","14640000","13910000","13150000","12580000","13110000","12070000","10880000","9825000","8879000","8126000","7665000","7333000","7368000","7852000","8461000","8928000","9195000","9464000","9726000","9828000","9879000","9913000","9981000","10040000","",
"Uruguay","URY","Children out of school, primary","SE.PRM.UNER","","","","","","","","","","","","","","","","","","","","","","","","","","","","","","","","","","","","","","","","","","","","","","1038","7764","15868","10759","8776","5826","3545","4267","1170","13537","1703","98.3933450561599","713.953511048632","1393.47026703705","1470.32433142781","1026.11925814243","1084.24180080666","1035.8783271343","97.5137583445176","",
"United States","USA","Children out of school, primary","SE.PRM.UNER","","","","","","","","","","","","","","","","","","","","","","","","","","","","","","","","","","","","","","","","","","","","","","135557","","","","","","","","711515","","446256","88850","104711","141533","224977","489065","996160","965853","","",
"Uzbekistan","UZB","Children out of school, primary","SE.PRM.UNER","","","","","","","","","","","","","","","","","","","","","","","","","","","","","","","","","","","","","","","","","","","","","","","","124903","64669","51681","67860","90668","100061","97381","57099","51623","38752","44956","9453.96966064302","40438","31580","37201","107838","130836","15823.7150720488",
"St. Vincent and the Grenadines","VCT","Children out of school, primary","SE.PRM.UNER","","","","","","","","","","","","","","","","","","","","","","","","","1948","","1586","","","","","","","","310","","","","","","232","","102","214","350","890","","282","4","93","98","277","114","79","","","","","","","","","","","",
"Venezuela, RB","VEN","Children out of school, primary","SE.PRM.UNER","","","","","","","","","","","","529441","515618","517614","546454","536474","484452","460331","434109","422231","","","","","","","","","","","","","","","","","","","","402408","322595","258699","145600","204037","201634","230561","229888","182697","260411","207294","186450","179893","184166","211041","232348","244753","329927","399691","","","","","17440","17643","",
"British Virgin Islands","VGB","Children out of school, primary","SE.PRM.UNER","","","","","","","","","","","","","","","","","","","","","","","","238","276","106","","","","","86","59","42","","38","","","","","21","358","136","65","75","","228","293","18","","20","17.8017894012392","21.584407216495","133","222","226","340","431","107","800","624","137","267","767","441","1080",
"Virgin Islands (U.S.)","VIR","Children out of school, primary","SE.PRM.UNER","","","","","","","","","","","","","","","","","","","","","","","","","","","","","","","","","","","","","","","","","","","","","","","","","","","","","","","","","","","","","","","","","",
"Viet Nam","VNM","Children out of school, primary","SE.PRM.UNER","","","","","","","","","","","","","","","","","","","18111","","","93164","","","","601158","","","","","","","","","","","","","0","0","0","0","29577","","","142159","67967","","139588","146927","7645","57425","0","0","23805.8535632407","40536.9714128906","11322.155833899","51872.4235661905","112020.857700953","178013.752839176","175465.157872559","111762","166519.400535172","147000.451951424","144562.454110111",
"Vanuatu","VUT","Children out of school, primary","SE.PRM.UNER","","","","","","","","","","","","","","","","","","","","","","3732","","","","","","","","3486","","","","","0","","","","2761","2974","2221","1610","1084","1117","1457","265","","","","","","","","","","71","","","","512","500","66.6399026648432","778.000270843506","1406.99982833862","1260.99988174438",
"World","WLD","Children out of school, primary","SE.PRM.UNER","","","","","","","","","","","","","","","","","","","","","","","","","","","","","","","","","","","","","","","","","","","","","","","","","","","","","","","","","","","","","","","","","",
"Samoa","WSM","Children out of school, primary","SE.PRM.UNER","","","","","","","","","","","","","","","","","","","","","","","","","","","","","","","","","","","1908","","","","1511","1319","452","351","","","","","","1271","","971","108.278157243065","341.7804365589","655.000038146973","","54.8304909842918","196.805884506022","37.3249192706135","116.095627927301","239.999744415283","752.999549865723","2019.9992980957","12.9968161761717","158.000141143799","1246.00105285645","625.999355316162",
"Kosovo","XKX","Children out of school, primary","SE.PRM.UNER","","","","","","","","","","","","","","","","","","","","","","","","","","","","","","","","","","","","","","","","","","","","","","","","","","","","","","","","","","","","","","","","","",
"Yemen, Rep.","YEM","Children out of school, primary","SE.PRM.UNER","","","","","","","","","","","","","","","","","","","","","","","","","","","","","","","","","","","","","","","","1809511","","1606437","","1407542","1321351","1273870","","","1405218","","1314561","","1294592","1315317","","","1551489","","","","","","","","",
"South Africa","ZAF","Children out of school, primary","SE.PRM.UNER","","","","","","","","","","","1284725","","","","","","","","","","","","","","","","","","","","","989742","","","1283843","1448082","","","1491871","1376898","1430587","1325224","1180313","1080820","1013763","976269","","","","","","","","","","676716","","761156","701278","630820","620737","288480","430540","448146","",
"Zambia","ZMB","Children out of school, primary","SE.PRM.UNER","","","","","","","","","","","","","199266","","","","207116","216591","237205","251280","260455","267845","276336","264923","258470","","250895","","280407","","","","","","424207","472672","","","569412","612379","631488","653063","608632","","359221","177787","226714","171316","158908","234997","308248","208858","173742","271401","","","","493015","","","","","","","136539",
"Zimbabwe","ZWE","Children out of school, primary","SE.PRM.UNER","","","","","","","","","","","","","","","","","","","","","","","2202","","","","","","","","","","","","","","","","312233","202213","116145","32075","92305","120639","","","","","","","","","238497","266943","280990","316088","282603","285035","278600","265100","249958","294539","258220","289420","332314",
